{"train/decode.loss_ce": 0.009143817234318704, "train/decode.acc_seg": 99.61104388427735, "train/aux_0.loss_ce": 0.009258468851447106, "train/aux_0.acc_seg": 99.61659008789063, "train/aux_1.loss_ce": 0.00975953749101609, "train/aux_1.acc_seg": 99.59314051818848, "train/aux_2.loss_ce": 0.011051639368757606, "train/aux_2.loss_dice": 0.23825354962050915, "train/aux_2.acc_seg": 99.68471398162842, "train/loss": 0.27746701216325165, "learning_rate": 0.00010038269624970405, "momentum": 0.9, "_timestamp": 1662109997.4489074, "_runtime": 33776.73417139053, "_step": 80000, "_wandb": {"runtime": 33822}}